거래번호,구매품목
T0001,"과자,생수"
T0002,"샌드위치,이온음료"
T0003,생수
T0004,아이스크림
T0005,"과자,우유,이온음료"
T0006,젤리
T0007,젤리
T0008,"젤리,초코바"
T0009,과자
T0010,과자
T0011,"샌드위치,생수"
T0012,"생수,이온음료"
T0013,"이온음료,젤리,초코바,커피우유"
T0014,초코바
T0015,"라면,생수"
T0016,과자
T0017,"이온음료,젤리,초코바"
T0018,"아이스크림,커피우유"
T0019,아이스크림
T0020,"라면,삼각김밥"
T0021,"과자,라면,빵,이온음료"
T0022,"생수,우유"
T0023,이온음료
T0024,이온음료
T0025,우유
T0026,"삼각김밥,우유,이온음료"
T0027,"샌드위치,이온음료,커피우유"
T0028,"생수,우유"
T0029,"이온음료,젤리,초코바"
T0030,"삼각김밥,샌드위치,우유"
T0031,"삼각김밥,우유,이온음료"
T0032,이온음료
T0033,"샌드위치,이온음료,커피우유"
T0034,"빵,우유"
T0035,우유
T0036,젤리
T0037,"과자,라면,젤리,초코바"
T0038,젤리
T0039,라면
T0040,"과자,삼각김밥,생수"
T0041,"삼각김밥,생수,우유,이온음료"
T0042,"빵,우유,초코바"
T0043,"생수,젤리"
T0044,과자
T0045,"빵,우유,이온음료,젤리,초코바"
T0046,이온음료
T0047,"삼각김밥,생수,이온음료"
T0048,"과자,젤리"
T0049,초코바
T0050,생수
T0051,"빵,우유,커피우유"
T0052,"샌드위치,이온음료,커피우유"
T0053,"이온음료,커피우유"
T0054,"샌드위치,생수,아이스크림"
T0055,아이스크림
T0056,아이스크림
T0057,"생수,젤리"
T0058,"빵,우유,커피우유"
T0059,빵
T0060,"샌드위치,젤리,초코바"
T0061,우유
T0062,커피우유
T0063,"삼각김밥,우유,이온음료"
T0064,과자
T0065,삼각김밥
T0066,삼각김밥
T0067,"빵,이온음료,초코바"
T0068,과자
T0069,우유
T0070,생수
T0071,"이온음료,초코바"
T0072,"빵,우유,커피우유"
T0073,이온음료
T0074,생수
T0075,"샌드위치,이온음료,커피우유"
T0076,아이스크림
T0077,아이스크림
T0078,"라면,샌드위치,젤리,커피우유"
T0079,빵
T0080,"우유,커피우유"
T0081,젤리
T0082,"샌드위치,커피우유"
T0083,"샌드위치,생수,이온음료,커피우유"
T0084,"삼각김밥,생수,우유,이온음료"
T0085,생수
T0086,"라면,샌드위치"
T0087,젤리
T0088,"삼각김밥,샌드위치,아이스크림,이온음료"
T0089,커피우유
T0090,이온음료
T0091,"라면,생수"
T0092,"빵,우유,커피우유"
T0093,"과자,우유,초코바"
T0094,"라면,삼각김밥,생수,아이스크림"
T0095,샌드위치
T0096,커피우유
T0097,"삼각김밥,이온음료,초코바,커피우유"
T0098,"우유,커피우유"
T0099,이온음료
T0100,아이스크림
T0101,아이스크림
T0102,"과자,라면,생수,아이스크림"
T0103,과자
T0104,젤리
T0105,과자
T0106,우유
T0107,"빵,샌드위치,아이스크림,커피우유"
T0108,과자
T0109,"라면,생수"
T0110,젤리
T0111,커피우유
T0112,"라면,커피우유"
T0113,"과자,초코바"
T0114,"샌드위치,이온음료,커피우유"
T0115,젤리
T0116,아이스크림
T0117,아이스크림
T0118,커피우유
T0119,커피우유
T0120,"삼각김밥,우유"
T0121,이온음료
T0122,"삼각김밥,생수,초코바"
T0123,"샌드위치,초코바"
T0124,"아이스크림,우유"
T0125,우유
T0126,"샌드위치,커피우유"
T0127,"과자,아이스크림"
T0128,"삼각김밥,우유,이온음료"
T0129,아이스크림
T0130,"빵,우유,커피우유"
T0131,"샌드위치,이온음료"
T0132,"삼각김밥,생수,우유"
T0133,샌드위치
T0134,"라면,생수"
T0135,젤리
T0136,우유
T0137,"과자,생수,우유"
T0138,"과자,라면,빵,삼각김밥,생수"
T0139,초코바
T0140,"이온음료,초코바,커피우유"
T0141,이온음료
T0142,우유
T0143,우유
T0144,과자
T0145,우유
T0146,"샌드위치,커피우유"
T0147,"과자,아이스크림,이온음료"
T0148,젤리
T0149,"빵,생수,아이스크림,커피우유"
T0150,생수
T0151,"샌드위치,이온음료"
T0152,빵
T0153,"라면,생수"
T0154,"과자,이온음료"
T0155,"생수,초코바"
T0156,과자
T0157,커피우유
T0158,이온음료
T0159,"과자,이온음료"
T0160,"젤리,초코바"
T0161,초코바
T0162,"우유,이온음료,젤리"
T0163,"삼각김밥,우유"
T0164,"삼각김밥,생수,아이스크림"
T0165,"삼각김밥,생수"
T0166,과자
T0167,이온음료
T0168,아이스크림
T0169,아이스크림
T0170,이온음료
T0171,"아이스크림,젤리"
T0172,아이스크림
T0173,젤리
T0174,"아이스크림,젤리"
T0175,"삼각김밥,이온음료"
T0176,"빵,젤리,초코바"
T0177,"과자,우유,커피우유"
T0178,이온음료
T0179,우유
T0180,"빵,커피우유"
T0181,아이스크림
T0182,"샌드위치,이온음료,커피우유"
T0183,이온음료
T0184,"생수,이온음료,초코바"
T0185,"삼각김밥,생수,우유,이온음료,젤리"
T0186,아이스크림
T0187,"라면,삼각김밥,생수"
T0188,커피우유
T0189,젤리
T0190,"이온음료,초코바"
T0191,아이스크림
T0192,이온음료
T0193,"이온음료,초코바"
T0194,젤리
T0195,라면
T0196,"빵,젤리,커피우유"
T0197,젤리
T0198,"빵,이온음료,커피우유"
T0199,"샌드위치,이온음료,커피우유"
T0200,아이스크림
T0201,"생수,초코바"
T0202,"이온음료,젤리,초코바"
T0203,"아이스크림,우유"
T0204,라면
T0205,"젤리,초코바"
T0206,초코바
T0207,우유
T0208,커피우유
T0209,"라면,삼각김밥"
T0210,과자
T0211,아이스크림
T0212,"젤리,초코바,커피우유"
T0213,"빵,커피우유"
T0214,과자
T0215,"빵,커피우유"
T0216,"젤리,초코바"
T0217,"빵,아이스크림"
T0218,젤리
T0219,아이스크림
T0220,"과자,생수,아이스크림"
T0221,"샌드위치,이온음료"
T0222,"이온음료,초코바"
T0223,"샌드위치,커피우유"
T0224,커피우유
T0225,"샌드위치,이온음료"
T0226,"라면,빵,커피우유"
T0227,커피우유
T0228,커피우유
T0229,이온음료
T0230,우유
T0231,"샌드위치,이온음료"
T0232,우유
T0233,"삼각김밥,생수,우유"
T0234,젤리
T0235,"삼각김밥,생수,우유"
T0236,삼각김밥
T0237,아이스크림
T0238,과자
T0239,"삼각김밥,아이스크림"
T0240,"빵,우유"
T0241,"삼각김밥,우유,이온음료,초코바"
T0242,커피우유
T0243,"라면,삼각김밥,생수"
T0244,"삼각김밥,우유,이온음료"
T0245,젤리
T0246,젤리
T0247,삼각김밥
T0248,"아이스크림,이온음료,젤리,초코바"
T0249,"과자,삼각김밥,생수,아이스크림,우유,젤리,초코바"
T0250,"삼각김밥,우유,커피우유"
T0251,빵
T0252,"삼각김밥,생수,이온음료"
T0253,"라면,생수"
T0254,"빵,생수"
T0255,"샌드위치,커피우유"
T0256,"아이스크림,우유"
T0257,"아이스크림,젤리"
T0258,빵
T0259,"라면,삼각김밥"
T0260,생수
T0261,생수
T0262,"삼각김밥,생수"
T0263,이온음료
T0264,아이스크림
T0265,이온음료
T0266,"라면,생수,초코바"
T0267,"삼각김밥,우유,이온음료"
T0268,"이온음료,초코바"
T0269,아이스크림
T0270,"빵,우유,커피우유"
T0271,"과자,젤리"
T0272,이온음료
T0273,"삼각김밥,생수,이온음료"
T0274,"빵,우유,커피우유"
T0275,"생수,우유"
T0276,"라면,생수"
T0277,"생수,이온음료,초코바"
T0278,"라면,삼각김밥"
T0279,커피우유
T0280,"빵,이온음료"
T0281,우유
T0282,"빵,우유"
T0283,"샌드위치,이온음료,커피우유"
T0284,생수
T0285,"라면,생수"
T0286,빵
T0287,"라면,생수"
T0288,"삼각김밥,샌드위치,젤리"
T0289,"빵,커피우유"
T0290,생수
T0291,우유
T0292,"생수,우유"
T0293,아이스크림
T0294,"이온음료,젤리,초코바"
T0295,"과자,삼각김밥"
T0296,"삼각김밥,샌드위치,커피우유"
T0297,아이스크림
T0298,"빵,우유,커피우유"
T0299,이온음료
T0300,"라면,생수"
T0301,"빵,우유,커피우유"
T0302,"빵,우유,커피우유"
T0303,"삼각김밥,생수,우유,이온음료"
T0304,"과자,빵"
T0305,젤리
T0306,"샌드위치,아이스크림"
T0307,이온음료
T0308,아이스크림
T0309,"샌드위치,이온음료,커피우유"
T0310,커피우유
T0311,"빵,우유"
T0312,"우유,이온음료,초코바"
T0313,"빵,아이스크림,커피우유"
T0314,커피우유
T0315,"라면,삼각김밥"
T0316,젤리
T0317,이온음료
T0318,우유
T0319,젤리
T0320,"삼각김밥,생수"
T0321,"빵,삼각김밥,우유"
T0322,"샌드위치,커피우유"
T0323,"생수,젤리,초코바"
T0324,이온음료
T0325,이온음료
T0326,우유
T0327,과자
T0328,"라면,삼각김밥,생수"
T0329,아이스크림
T0330,생수
T0331,"삼각김밥,생수,우유"
T0332,"삼각김밥,생수,우유,이온음료"
T0333,"빵,우유,커피우유"
T0334,"과자,샌드위치,젤리,초코바"
T0335,생수
T0336,"샌드위치,이온음료,커피우유"
T0337,우유
T0338,이온음료
T0339,샌드위치
T0340,"삼각김밥,우유,이온음료"
T0341,"삼각김밥,생수,우유,이온음료"
T0342,이온음료
T0343,"이온음료,젤리,초코바"
T0344,"삼각김밥,생수,우유"
T0345,"빵,우유,커피우유"
T0346,"삼각김밥,우유,이온음료"
T0347,"우유,젤리"
T0348,커피우유
T0349,"생수,이온음료"
T0350,"삼각김밥,젤리"
T0351,젤리
T0352,생수
T0353,"삼각김밥,커피우유"
T0354,"샌드위치,커피우유"
T0355,생수
T0356,"샌드위치,아이스크림,커피우유"
T0357,이온음료
T0358,아이스크림
T0359,"샌드위치,이온음료,커피우유"
T0360,이온음료
T0361,"삼각김밥,생수,우유,이온음료"
T0362,빵
T0363,"삼각김밥,생수,우유"
T0364,"라면,우유,이온음료,커피우유"
T0365,"라면,삼각김밥,생수"
T0366,커피우유
T0367,우유
T0368,커피우유
T0369,"빵,우유,젤리,커피우유"
T0370,"라면,삼각김밥,생수"
T0371,빵
T0372,이온음료
T0373,"샌드위치,이온음료,커피우유"
T0374,"빵,우유"
T0375,이온음료
T0376,젤리
T0377,"샌드위치,이온음료,젤리"
T0378,"샌드위치,이온음료,커피우유"
T0379,"라면,삼각김밥,생수"
T0380,생수
T0381,"빵,우유"
T0382,"샌드위치,아이스크림,이온음료"
T0383,"이온음료,초코바"
T0384,"라면,생수"
T0385,과자
T0386,"빵,커피우유"
T0387,"과자,우유,커피우유"
T0388,"라면,빵,커피우유"
T0389,"빵,생수"
T0390,"라면,생수"
T0391,커피우유
T0392,아이스크림
T0393,과자
T0394,"빵,우유,커피우유"
T0395,"샌드위치,이온음료,젤리,초코바"
T0396,생수
T0397,"샌드위치,이온음료,커피우유"
T0398,"삼각김밥,우유,이온음료,커피우유"
T0399,커피우유
T0400,젤리
T0401,커피우유
T0402,젤리
T0403,"샌드위치,커피우유"
T0404,"삼각김밥,생수,이온음료"
T0405,젤리
T0406,"생수,이온음료"
T0407,"빵,커피우유"
T0408,생수
T0409,커피우유
T0410,"샌드위치,우유"
T0411,우유
T0412,"아이스크림,커피우유"
T0413,과자
T0414,커피우유
T0415,젤리
T0416,"이온음료,커피우유"
T0417,"삼각김밥,생수"
T0418,아이스크림
T0419,과자
T0420,"삼각김밥,생수,우유"
