학교명,시도,설립구분,학교급,학급수,학생수,교원수
나빛중학교,서울특별시,사립,중학교,31,684,53
다들초등학교,서울특별시,사립,초등학교,19,482,35
라샘중학교,서울특별시,공립,중학교,42,1055,73
마뫼고등학교,서울특별시,공립,고등학교,9,219,16
바별초등학교,서울특별시,공립,초등학교,42,765,46
사누리고등학교,서울특별시,공립,고등학교,12,259,19
아한고등학교,서울특별시,공립,고등학교,26,356,25
자새초등학교,서울특별시,공립,초등학교,21,506,36
차온중학교,서울특별시,공립,중학교,10,262,18
가솔중학교,서울특별시,공립,중학교,10,235,21
나빛고등학교,서울특별시,공립,고등학교,37,701,56
다들중학교,서울특별시,공립,중학교,10,291,20
라샘중학교,서울특별시,공립,중학교,30,778,63
마뫼고등학교,서울특별시,공립,고등학교,9,213,14
바별중학교,부산광역시,공립,중학교,34,688,48
사누리고등학교,부산광역시,공립,고등학교,32,939,71
아한초등학교,부산광역시,공립,초등학교,20,413,31
자새중학교,부산광역시,공립,중학교,32,556,43
차온고등학교,부산광역시,사립,고등학교,9,133,9
가솔고등학교,부산광역시,공립,고등학교,31,596,40
나빛초등학교,부산광역시,공립,초등학교,13,263,
다들초등학교,부산광역시,사립,초등학교,7,165,12
라샘중학교,대구광역시,공립,중학교,36,1039,65
마뫼중학교,대구광역시,공립,중학교,15,391,27
바별초등학교,대구광역시,공립,초등학교,19,492,38
사누리초등학교,대구광역시,사립,초등학교,25,733,56
아한중학교,대구광역시,사립,중학교,28,664,59
자새초등학교,대구광역시,공립,초등학교,18,426,41
차온고등학교,대구광역시,공립,고등학교,7,213,16
가솔고등학교,인천광역시,사립,고등학교,34,864,80
나빛초등학교,인천광역시,공립,초등학교,20,345,25
다들고등학교,인천광역시,사립,고등학교,36,945,75
라샘초등학교,인천광역시,사립,초등학교,18,331,24
마뫼고등학교,인천광역시,공립,고등학교,31,711,56
바별초등학교,인천광역시,공립,초등학교,35,764,61
사누리고등학교,인천광역시,사립,고등학교,15,313,
아한고등학교,광주광역시,공립,고등학교,14,213,14
자새중학교,광주광역시,공립,중학교,38,887,56
차온초등학교,광주광역시,공립,초등학교,28,727,61
가솔고등학교,광주광역시,공립,고등학교,15,333,25
나빛초등학교,광주광역시,사립,초등학교,15,348,23
다들중학교,광주광역시,공립,중학교,39,627,50
라샘초등학교,대전광역시,공립,초등학교,8,174,15
마뫼초등학교,대전광역시,공립,초등학교,38,714,56
바별중학교,대전광역시,공립,중학교,21,426,43
사누리고등학교,대전광역시,사립,고등학교,18,436,34
아한초등학교,대전광역시,공립,초등학교,33,878,60
자새초등학교,대전광역시,사립,초등학교,29,766,47
차온초등학교,울산광역시,공립,초등학교,37,897,57
가솔고등학교,울산광역시,공립,고등학교,32,4650,52
나빛고등학교,울산광역시,공립,고등학교,7,134,9
다들초등학교,울산광역시,국립,초등학교,20,2754,34
라샘초등학교,울산광역시,공립,초등학교,14,343,33
마뫼중학교,세종특별자치시,공립,중학교,38,650,53
바별고등학교,세종특별자치시,공립,고등학교,10,229,17
사누리고등학교,세종특별자치시,사립,고등학교,10,228,
아한중학교,세종특별자치시,사립,중학교,23,508,39
자새초등학교,경기도,공립,초등학교,17,375,25
차온중학교,경기도,공립,중학교,17,2244,22
가솔초등학교,경기도,공립,초등학교,41,1066,81
나빛고등학교,경기도,사립,고등학교,33,662,57
다들중학교,경기도,공립,중학교,20,373,23
라샘중학교,경기도,국립,중학교,9,210,16
마뫼중학교,경기도,공립,중학교,11,230,19
바별고등학교,경기도,공립,고등학교,24,3684,44
사누리중학교,경기도,사립,중학교,41,923,66
아한초등학교,경기도,공립,초등학교,30,718,50
자새초등학교,경기도,공립,초등학교,11,269,17
차온고등학교,경기도,공립,고등학교,39,954,75
가솔고등학교,경기도,공립,고등학교,26,575,50
나빛초등학교,경기도,공립,초등학교,38,617,54
다들고등학교,강원특별자치도,사립,고등학교,42,1128,105
라샘고등학교,강원특별자치도,공립,고등학교,20,481,35
마뫼중학교,강원특별자치도,사립,중학교,41,975,72
바별중학교,강원특별자치도,공립,중학교,10,229,20
사누리초등학교,강원특별자치도,사립,초등학교,36,755,53
아한초등학교,강원특별자치도,공립,초등학교,35,591,44
자새초등학교,충청북도,공립,초등학교,18,416,30
차온중학교,충청북도,공립,중학교,14,343,25
가솔고등학교,충청북도,공립,고등학교,37,803,51
나빛초등학교,충청북도,국립,초등학교,41,6060,55
다들중학교,충청북도,공립,중학교,38,1045,80
라샘초등학교,충청북도,공립,초등학교,11,266,17
마뫼고등학교,충청남도,공립,고등학교,13,288,24
바별초등학교,충청남도,공립,초등학교,37,711,60
사누리중학교,충청남도,공립,중학교,27,810,60
아한초등학교,충청남도,공립,초등학교,24,503,36
자새초등학교,충청남도,공립,초등학교,33,703,71
차온고등학교,충청남도,공립,고등학교,15,345,23
가솔중학교,전북특별자치도,사립,중학교,33,948,84
나빛고등학교,전북특별자치도,공립,고등학교,11,324,23
다들고등학교,전북특별자치도,사립,고등학교,37,1190,81
라샘중학교,전북특별자치도,공립,중학교,22,489,57
마뫼중학교,전북특별자치도,공립,중학교,31,849,56
바별중학교,전북특별자치도,공립,중학교,34,1181,116
사누리초등학교,전라남도,공립,초등학교,17,340,24
아한고등학교,전라남도,공립,고등학교,7,161,14
자새중학교,전라남도,공립,중학교,9,158,12
차온고등학교,전라남도,공립,고등학교,19,579,37
가솔중학교,전라남도,사립,중학교,7,183,12
나빛고등학교,전라남도,공립,고등학교,10,155,10
다들중학교,경상북도,공립,중학교,12,281,19
라샘고등학교,경상북도,공립,고등학교,35,1024,
마뫼고등학교,경상북도,사립,고등학교,25,718,56
바별초등학교,경상북도,공립,초등학교,25,388,30
사누리고등학교,경상북도,공립,고등학교,40,861,56
아한초등학교,경상북도,공립,초등학교,21,420,31
자새초등학교,경상북도,공립,초등학교,37,945,80
차온중학교,경상남도,사립,중학교,20,331,24
가솔중학교,경상남도,공립,중학교,24,544,48
나빛중학교,경상남도,사립,중학교,18,420,28
다들고등학교,경상남도,공립,고등학교,17,456,37
라샘고등학교,경상남도,공립,고등학교,31,740,54
마뫼고등학교,경상남도,공립,고등학교,31,518,36
바별초등학교,경상남도,사립,초등학교,27,627,39
사누리중학교,경상남도,공립,중학교,30,884,97
아한초등학교,제주특별자치도,공립,초등학교,28,373,24
자새중학교,제주특별자치도,공립,중학교,25,624,
차온중학교,제주특별자치도,공립,중학교,34,4980,55
가솔중학교,제주특별자치도,공립,중학교,31,747,55
나빛중학교,제주특별자치도,공립,중학교,10,261,21
